chrom	loc.start	loc.end	num.mark	seg.mean	copynumber	minor_cn	major_cn	allelicratio	LOHcall	cellularprevalence	ploidy	normalproportion	logcopynumberratio
3	57400	2586572	2732	0.164	3	1	2	0.609685447145305	GAIN	0.968475568984655	2.785	0.301	0.569722239551006
3	2586573	2850162	285	-0.29	2	0	2	0.842473817321305	NLOH	0.968475568984655	2.785	0.301	0
3	2850163	4883888	1537	0.2	3	1	2	0.612989355119986	GAIN	0.968475568984655	2.785	0.301	0.569722239551006
3	4883889	4887988	1	2.43	8	2	6	0.671875	UBCNA	0.968475568984655	2.785	0.301	1.96548018585112
3	4887989	5565152	549	0.218	3	1	2	0.613520805120577	GAIN	0.968475568984655	2.785	0.301	0.569722239551006
3	5565153	5565294	2	0.488	8	1	7	0.858374849373213	ASCNA	0.968475568984655	2.785	0.301	1.96548018585112
3	5565295	7861829	2608	0.203	3	1	2	0.609482702335941	GAIN	0.968475568984655	2.785	0.301	0.569722239551006
3	7861830	7886692	71	0.324	4	2	2	0.594631918227911	BCNA	0.968475568984655	2.785	0.301	0.977078807125653
3	7886693	16402482	6237	0.208	3	1	2	0.610720026959818	GAIN	0.968475568984655	2.785	0.301	0.569722239551006
3	16402483	16405276	2	-1.595	0	0	0	0.630050505050505	HOMD	0.968475568984655	2.785	0.301	-4.98738585819815
3	16405277	24732984	6252	0.194	3	1	2	0.607679976035736	GAIN	0.968475568984655	2.785	0.301	0.569722239551006
3	24732985	24754179	42	0.321	4	2	2	0.577798044625983	BCNA	0.968475568984655	2.785	0.301	0.977078807125653
3	24754180	32120926	6204	0.216	3	1	2	0.611294745240942	GAIN	0.968475568984655	2.785	0.301	0.569722239551006
3	32120927	32122133	4	-0.874	1	0	1	0.678291207702972	DLOH	0.968475568984655	2.785	0.301	-0.955222009035143
3	32122134	35272374	2082	0.213	3	1	2	0.609469242832912	GAIN	0.968475568984655	2.785	0.301	0.569722239551006
3	35272375	35273410	1	0.3	8	0	8	0.947955390334573	ALOH	0.968475568984655	2.785	0.301	1.96548018585112
3	35273411	40203173	3220	0.218	3	1	2	0.609437614382709	GAIN	0.968475568984655	2.785	0.301	0.569722239551006
3	40203174	40204277	1	-1.727	0	0	0	0.551724137931034	HOMD	0.968475568984655	2.785	0.301	-4.98738585819815
3	40204278	60425546	10766	0.207	3	1	2	0.610818022880149	GAIN	0.968475568984655	2.785	0.301	0.569722239551006
3	60425547	60502068	42	-0.731	1	0	1	0.792884925915163	DLOH	0.968475568984655	2.785	0.301	-0.955222009035143
3	60502069	90667028	19795	0.194	3	1	2	0.609409758241279	GAIN	0.968475568984655	2.785	0.301	0.569722239551006
3	90667029	90669312	1	0.328	4	0	4	0.907462686567164	ALOH	0.968475568984655	2.785	0.301	0.977078807125653
3	90669313	91224778	42	0.182	8	2	6	0.704397999463297	UBCNA	0.968475568984655	2.785	0.301	1.96548018585112
3	91224779	91565168	25	0.279	3	1	2	0.611959100252147	GAIN	0.968475568984655	2.785	0.301	0.569722239551006
3	91565169	92342072	5	-0.644	8	2	6	0.687923591421925	UBCNA	0.968475568984655	2.785	0.301	1.96548018585112
3	92342073	142099295	30941	-0.302	2	0	2	0.842344455982761	NLOH	0.968475568984655	2.785	0.301	0
3	142099296	142235064	208	0.021	3	0	3	0.912718648178911	ALOH	0.968475568984655	2.785	0.301	0.569722239551006
3	142235065	142374956	111	0.032	3	1	2	0.559905487073408	GAIN	0.968475568984655	2.785	0.301	0.569722239551006
3	142374957	171558234	18001	-0.3	2	0	2	0.842315461778288	NLOH	0.968475568984655	2.785	0.301	0
3	171558235	171591920	2	-0.348	2	1	1	0.528872958980486	HET	NA	2.785	0.301	0
3	171591921	180429557	5790	-0.266	2	0	2	0.847179898246571	NLOH	0.968475568984655	2.785	0.301	0
3	180429558	180430955	2	3.347	8	1	7	0.873076923076923	ASCNA	0.968475568984655	2.785	0.301	1.96548018585112
3	180430956	195650520	9849	-0.227	2	0	2	0.851099208257664	NLOH	0.968475568984655	2.785	0.301	0
3	195650521	195697415	24	-0.242	2	1	1	0.556579271395752	HET	NA	2.785	0.301	0
3	195697416	195705402	5	-0.172	2	0	2	0.77945596011214	NLOH	0.968475568984655	2.785	0.301	0
3	195705403	195724486	28	-0.233	2	1	1	0.586979143937734	HET	NA	2.785	0.301	0
3	195724487	197386112	1240	-0.225	2	0	2	0.85046721082531	NLOH	0.968475568984655	2.785	0.301	0
3	197386113	197387331	4	-0.191	2	1	1	0.625933792575584	HET	NA	2.785	0.301	0
3	197387332	198018080	431	-0.226	2	0	2	0.850591930302849	NLOH	0.968475568984655	2.785	0.301	0
5	59297	5167902	4064	0.102	3	1	2	0.626949955765496	GAIN	0.968475568984655	2.785	0.301	0.569722239551006
5	5167903	5169434	2	-3.699	8	2	6	0.679618768328446	UBCNA	0.968475568984655	2.785	0.301	1.96548018585112
5	5169435	8389327	2915	0.108	3	1	2	0.624325549555168	GAIN	0.968475568984655	2.785	0.301	0.569722239551006
5	8389328	8393900	9	-0.224	2	0	2	0.863729633640663	NLOH	0.968475568984655	2.785	0.301	0
5	8393901	16253282	6136	0.119	3	1	2	0.623803969837579	GAIN	0.968475568984655	2.785	0.301	0.569722239551006
5	16253283	19465858	2669	0.425	4	2	2	0.548654769044431	BCNA	0.968475568984655	2.785	0.301	0.977078807125653
5	19465859	25907038	4959	0.035	3	1	2	0.616030074551314	GAIN	0.968475568984655	2.785	0.301	0.569722239551006
5	25907039	28575246	1714	0.408	4	2	2	0.551316214444131	BCNA	0.968475568984655	2.785	0.301	0.977078807125653
5	28575247	29202914	286	0.083	3	1	2	0.615011863264749	GAIN	0.968475568984655	2.785	0.301	0.569722239551006
5	29202915	37023242	5406	0.415	4	2	2	0.549021534762211	BCNA	0.968475568984655	2.785	0.301	0.977078807125653
5	37023243	46601684	5129	0.096	3	1	2	0.61654102170484	GAIN	0.968475568984655	2.785	0.301	0.569722239551006
5	46601685	49663682	33	0.483	4	1	3	0.690719095440083	ASCNA	0.968475568984655	2.785	0.301	0.977078807125653
5	49663683	49849684	10	0.409	8	1	7	0.790300589263851	ASCNA	0.968475568984655	2.785	0.301	1.96548018585112
5	49849685	49860202	1	0.506	4	2	2	0.555555555555556	BCNA	0.968475568984655	2.785	0.301	0.977078807125653
5	49860203	50143538	11	0.541	8	1	7	0.784750736402126	ASCNA	0.968475568984655	2.785	0.301	1.96548018585112
5	50143539	52848142	960	0.594	5	2	3	0.569215967081017	UBCNA	0.968475568984655	2.785	0.301	1.29437863720512
5	52848143	59128940	5054	-0.348	2	0	2	0.838094248657536	NLOH	0.968475568984655	2.785	0.301	0
5	59128941	62043828	1540	0.173	3	1	2	0.605619750486898	GAIN	0.968475568984655	2.785	0.301	0.569722239551006
5	62043829	104864064	25313	-0.327	2	0	2	0.839419896144147	NLOH	0.968475568984655	2.785	0.301	0
5	104864065	104868360	17	-0.837	1	0	1	0.81072931089346	DLOH	0.968475568984655	2.785	0.301	-0.955222009035143
5	104868361	166162078	40281	-0.335	2	0	2	0.837902157574025	NLOH	0.968475568984655	2.785	0.301	0
5	166162079	167055514	651	-0.075	3	0	3	0.862059047196379	ALOH	0.968475568984655	2.785	0.301	0.569722239551006
5	167055515	167085652	44	-0.224	2	0	2	0.844832061160675	NLOH	0.968475568984655	2.785	0.301	0
5	167085653	167388080	38	-0.038	3	0	3	0.84642710028893	ALOH	0.968475568984655	2.785	0.301	0.569722239551006
5	167388081	181257975	9478	0.199	3	1	2	0.639754	GAIN	0.9684756	2.785	0.301	0.6184789
7	41888	1956382	2031	0.879	6	2	4	0.642368005716384	UBCNA	0.968475568984655	2.785	0.301	1.5543192637575
7	1956383	2218504	229	-0.336	2	0	2	0.831391446913526	NLOH	0.968475568984655	2.785	0.301	0
7	2218505	3671882	838	0.856	6	2	4	0.64823143791802	UBCNA	0.968475568984655	2.785	0.301	1.5543192637575
7	3671883	3674034	8	0.356	4	1	3	0.696879326938964	ASCNA	0.968475568984655	2.785	0.301	0.977078807125653
7	3674035	4406963	932	0.831	6	2	4	0.645600332865443	UBCNA	0.968475568984655	2.785	0.301	1.5543192637575
7	4406964	4408906	6	-0.045	3	1	2	0.683332785704702	GAIN	0.968475568984655	2.785	0.301	0.569722239551006
7	4408907	4776911	346	0.823	6	2	4	0.644302933751568	UBCNA	0.968475568984655	2.785	0.301	1.5543192637575
7	4776912	4780068	5	0.086	3	1	2	0.692463199259833	GAIN	0.968475568984655	2.785	0.301	0.569722239551006
7	4780069	5519286	649	0.848	6	2	4	0.648958984758883	UBCNA	0.968475568984655	2.785	0.301	1.5543192637575
7	5519287	16241718	10509	0.635	5	2	3	0.586851717004847	UBCNA	0.968475568984655	2.785	0.301	1.29437863720512
7	16241719	16242255	1	0.646	5	0	5	0.938679245283019	ALOH	0.968475568984655	2.785	0.301	1.29437863720512
7	16242256	20276931	3953	0.657	5	2	3	0.589362754360323	UBCNA	0.968475568984655	2.785	0.301	1.29437863720512
7	20276932	20279000	4	-0.186	2	1	1	0.599924145174466	HET	NA	2.785	0.301	0
7	20279001	42121692	14443	0.651	5	2	3	0.585621721811745	UBCNA	0.968475568984655	2.785	0.301	1.29437863720512
7	42121693	42122970	5	-0.387	2	1	1	0.55993157230781	HET	NA	2.785	0.301	0
7	42122971	48463760	5207	0.638	5	2	3	0.584696163613438	UBCNA	0.968475568984655	2.785	0.301	1.29437863720512
7	48463761	48464947	1	0.482	4	0	4	0.863354037267081	ALOH	0.968475568984655	2.785	0.301	0.977078807125653
7	48464948	52718010	4148	0.639	5	2	3	0.590828838110719	UBCNA	0.968475568984655	2.785	0.301	1.29437863720512
7	52718011	52721892	20	0.245	3	1	2	0.621744326152242	GAIN	0.968475568984655	2.785	0.301	0.569722239551006
7	52721893	54504872	1067	0.611	5	2	3	0.596655735967433	UBCNA	0.968475568984655	2.785	0.301	1.29437863720512
7	54504873	54510382	5	2.086	8	3	5	0.634480125691967	UBCNA	0.968475568984655	2.785	0.301	1.96548018585112
7	54510383	54674736	269	0.663	5	2	3	0.594445483171184	UBCNA	0.968475568984655	2.785	0.301	1.29437863720512
7	54674737	55025138	313	1.76	8	2	6	0.720304293079097	UBCNA	0.968475568984655	2.785	0.301	1.96548018585112
7	55025139	55423764	376	1.466	8	3	5	0.650320597317196	UBCNA	0.968475568984655	2.785	0.301	1.96548018585112
7	55423765	55581762	147	0.937	6	3	3	0.548197902343899	BCNA	0.968475568984655	2.785	0.301	1.5543192637575
7	55581763	57486164	350	0.667	5	2	3	0.577759463006222	UBCNA	0.968475568984655	2.785	0.301	1.29437863720512
7	57486165	57690919	23	0.105	3	1	2	0.631540246543703	GAIN	0.968475568984655	2.785	0.301	0.569722239551006
7	57690920	58034714	30	0.673	5	2	3	0.596802047598368	UBCNA	0.968475568984655	2.785	0.301	1.29437863720512
7	58034715	58039192	1	0.35	4	0	4	0.894366197183099	ALOH	0.968475568984655	2.785	0.301	0.977078807125653
7	58039193	60285577	14	0.641	5	2	3	0.603567105696856	UBCNA	0.968475568984655	2.785	0.301	1.29437863720512
7	60285578	60654460	3	0.916	7	1	6	0.783103118297525	ASCNA	0.968475568984655	2.785	0.301	1.77449777378511
7	60654461	61321260	38	0.649	5	2	3	0.620618018357566	UBCNA	0.968475568984655	2.785	0.301	1.29437863720512
7	61321261	61644087	3	0.633	5	1	4	0.802519770441228	ASCNA	0.968475568984655	2.785	0.301	1.29437863720512
7	61644088	61964996	112	0.744	5	2	3	0.586256005614625	UBCNA	0.968475568984655	2.785	0.301	1.29437863720512
7	61964997	62590901	38	0.736	6	2	4	0.645917475183597	UBCNA	0.968475568984655	2.785	0.301	1.5543192637575
7	62590902	63504506	39	0.853	6	3	3	0.550844331591365	BCNA	0.968475568984655	2.785	0.301	1.5543192637575
7	63504507	69456068	3198	0.392	4	1	3	0.704101602956689	ASCNA	0.968475568984655	2.785	0.301	0.977078807125653
7	69456069	69465990	2	-0.595	2	0	2	0.818018018018018	NLOH	0.968475568984655	2.785	0.301	0
7	69465991	100952177	18176	0.415	4	1	3	0.703667289987169	ASCNA	0.968475568984655	2.785	0.301	0.977078807125653
7	100952178	100956674	6	0.477	4	0	4	0.859317386294614	ALOH	0.968475568984655	2.785	0.301	0.977078807125653
7	100956675	100957925	2	0.207	3	1	2	0.587697072072072	GAIN	0.968475568984655	2.785	0.301	0.569722239551006
7	100957926	100961172	8	0.417	4	0	4	0.85330404268686	ALOH	0.968475568984655	2.785	0.301	0.977078807125653
7	100961173	111003649	6212	0.409	4	1	3	0.701195171552416	ASCNA	0.968475568984655	2.785	0.301	0.977078807125653
7	111003650	111036094	32	0.033	3	1	2	0.626945229842803	GAIN	0.968475568984655	2.785	0.301	0.569722239551006
7	111036095	114179394	1594	0.415	4	1	3	0.703157728090585	ASCNA	0.968475568984655	2.785	0.301	0.977078807125653
7	114179395	114324201	7	0.996	7	1	6	0.832187687669188	ASCNA	0.968475568984655	2.785	0.301	1.77449777378511
7	114324202	135894897	11730	0.401	4	1	3	0.700798002774623	ASCNA	0.968475568984655	2.785	0.301	0.977078807125653
7	135894898	135898341	4	-0.54	2	0	2	0.710185185185185	NLOH	0.968475568984655	2.785	0.301	0
7	135898342	136824692	675	0.392	4	1	3	0.700000504174136	ASCNA	0.968475568984655	2.785	0.301	0.977078807125653
7	136824693	136848722	2	-1.14	8	3	5	0.681003584229391	UBCNA	0.968475568984655	2.785	0.301	1.96548018585112
7	136848723	138707154	973	0.364	4	1	3	0.700600510363427	ASCNA	0.968475568984655	2.785	0.301	0.977078807125653
7	138707155	138708448	4	-0.545	2	1	1	0.659078624265416	HET	NA	2.785	0.301	0
7	138708449	142324956	1630	0.418	4	1	3	0.703207454584912	ASCNA	0.968475568984655	2.785	0.301	0.977078807125653
7	142324957	142365450	19	0.595	5	2	3	0.583815563501575	UBCNA	0.968475568984655	2.785	0.301	1.29437863720512
7	142365451	145191578	1347	0.407	4	1	3	0.702827560970185	ASCNA	0.968475568984655	2.785	0.301	0.977078807125653
7	145191579	145194469	3	-1.677	8	2	6	0.718181818181818	UBCNA	0.968475568984655	2.785	0.301	1.96548018585112
7	145194470	146389702	1342	0.378	4	1	3	0.699063315797445	ASCNA	0.968475568984655	2.785	0.301	0.977078807125653
7	146389703	146391203	5	-0.325	2	0	2	0.74080751704526	NLOH	0.968475568984655	2.785	0.301	0
7	146391204	148941298	2508	0.387	4	1	3	0.702104286586391	ASCNA	0.968475568984655	2.785	0.301	0.977078807125653
7	148941299	148944642	3	-0.446	2	1	1	0.650829562594268	HET	NA	2.785	0.301	0
7	148944643	158720017	8458	0.409	4	1	3	0.701039116312141	ASCNA	0.968475568984655	2.785	0.301	0.977078807125653
7	158720018	158724062	4	-0.414	2	0	2	0.713018760135633	NLOH	0.968475568984655	2.785	0.301	0
7	158724063	159311243	431	0.406	4	1	3	0.701461914770596	ASCNA	0.968475568984655	2.785	0.301	0.977078807125653
13	16000423	16013602	17	-0.071	8	1	7	0.803380284021826	ASCNA	0.968475568984655	2.785	0.301	1.96548018585112
13	16013603	16013995	4	0.007	3	1	2	0.621090922717831	GAIN	0.968475568984655	2.785	0.301	0.569722239551006
13	16013996	16015348	2	0.133	3	0	3	0.911148977604674	ALOH	0.968475568984655	2.785	0.301	0.569722239551006
13	16015349	16116301	15	0.079	3	1	2	0.64582235371044	GAIN	0.968475568984655	2.785	0.301	0.569722239551006
13	16116302	18558032	79	-0.218	8	2	6	0.704776246704914	UBCNA	0.968475568984655	2.785	0.301	1.96548018585112
13	18558033	20490724	1009	1.106	7	1	6	0.794745473249033	ASCNA	0.968475568984655	2.785	0.301	1.77449777378511
13	20490725	20500344	3	1.165	7	3	4	0.535363504890369	UBCNA	0.968475568984655	2.785	0.301	1.77449777378511
13	20500345	20777342	274	1.091	7	1	6	0.791406395058985	ASCNA	0.968475568984655	2.785	0.301	1.77449777378511
13	20777343	23557710	2510	0.972	6	1	5	0.778839282940089	ASCNA	0.968475568984655	2.785	0.301	1.5543192637575
13	23557711	24112788	547	1.134	7	1	6	0.802579306926427	ASCNA	0.968475568984655	2.785	0.301	1.77449777378511
13	24112789	24129200	2	1.093	7	3	4	0.56417295813315	UBCNA	0.968475568984655	2.785	0.301	1.77449777378511
13	24129201	24186026	27	1.187	7	1	6	0.800998359002839	ASCNA	0.968475568984655	2.785	0.301	1.77449777378511
13	24186027	24190139	5	0.925	8	1	7	0.815253805914771	ASCNA	0.968475568984655	2.785	0.301	1.96548018585112
13	24190140	25165874	685	1.256	7	1	6	0.807850770224783	ASCNA	0.968475568984655	2.785	0.301	1.77449777378511
13	25165875	27996865	2429	0.954	6	1	5	0.753004367829441	ASCNA	0.968475568984655	2.785	0.301	1.5543192637575
13	27996866	28000080	6	0.332	8	2	6	0.720071733145332	UBCNA	0.968475568984655	2.785	0.301	1.96548018585112
13	28000081	30000690	1313	0.928	6	1	5	0.769456455809288	ASCNA	0.968475568984655	2.785	0.301	1.5543192637575
13	30000691	30003738	11	0.448	4	1	3	0.719643150750604	ASCNA	0.968475568984655	2.785	0.301	0.977078807125653
13	30003739	33356658	2585	0.925	6	1	5	0.767664092036353	ASCNA	0.968475568984655	2.785	0.301	1.5543192637575
13	33356659	33366603	2	1.007	7	3	4	0.557552530725519	UBCNA	0.968475568984655	2.785	0.301	1.77449777378511
13	33366604	38955957	3710	0.912	6	1	5	0.766412367995845	ASCNA	0.968475568984655	2.785	0.301	1.5543192637575
13	38955958	38956893	4	-0.56	2	0	2	0.811394523110941	NLOH	0.968475568984655	2.785	0.301	0
13	38956894	39795793	636	0.933	6	1	5	0.767861258352201	ASCNA	0.968475568984655	2.785	0.301	1.5543192637575
13	39795794	39800136	2	-0.272	2	0	2	0.819595476294041	NLOH	0.968475568984655	2.785	0.301	0
13	39800137	46970474	4990	0.932	6	1	5	0.767857112547266	ASCNA	0.968475568984655	2.785	0.301	1.5543192637575
13	46970475	46972165	4	0.029	8	2	6	0.779443720183136	UBCNA	0.968475568984655	2.785	0.301	1.96548018585112
13	46972166	51773718	2832	0.925	6	1	5	0.769720797237545	ASCNA	0.968475568984655	2.785	0.301	1.5543192637575
13	51773719	51776542	2	0.965	6	3	3	0.562999684409846	BCNA	0.968475568984655	2.785	0.301	1.5543192637575
13	51776543	63042366	7233	0.894	6	1	5	0.765022180165662	ASCNA	0.968475568984655	2.785	0.301	1.5543192637575
13	63042367	63074192	3	0.229	3	1	2	0.599720527027584	GAIN	0.968475568984655	2.785	0.301	0.569722239551006
13	63074193	66753700	665	0.841	6	1	5	0.762117651272369	ASCNA	0.968475568984655	2.785	0.301	1.5543192637575
13	66753701	66756162	4	2.787	8	2	6	0.753425870060382	UBCNA	0.968475568984655	2.785	0.301	1.96548018585112
13	66756163	71728798	4293	0.876	6	1	5	0.76508070141413	ASCNA	0.968475568984655	2.785	0.301	1.5543192637575
13	71728799	71746532	5	0.907	6	2	4	0.61330213107963	UBCNA	0.968475568984655	2.785	0.301	1.5543192637575
13	71746533	78135759	5067	0.927	6	1	5	0.766813427800779	ASCNA	0.968475568984655	2.785	0.301	1.5543192637575
13	78135760	78139666	15	0.521	4	1	3	0.700835240157669	ASCNA	0.968475568984655	2.785	0.301	0.977078807125653
13	78139667	82167416	2516	0.894	6	1	5	0.765850889181411	ASCNA	0.968475568984655	2.785	0.301	1.5543192637575
13	82167417	82221267	42	1.628	8	1	7	0.848864849661229	ASCNA	0.968475568984655	2.785	0.301	1.96548018585112
13	82221268	88070100	5449	0.857	6	1	5	0.764859611748882	ASCNA	0.968475568984655	2.785	0.301	1.5543192637575
13	88070101	88080921	22	0.534	5	1	4	0.776406396985315	ASCNA	0.968475568984655	2.785	0.301	1.29437863720512
13	88080922	89983236	1450	0.847	6	1	5	0.765755356920281	ASCNA	0.968475568984655	2.785	0.301	1.5543192637575
13	89983237	89994033	47	0.689	5	1	4	0.726513561711043	ASCNA	0.968475568984655	2.785	0.301	1.29437863720512
13	89994034	90083706	161	0.842	6	1	5	0.757137719699764	ASCNA	0.968475568984655	2.785	0.301	1.5543192637575
13	90083707	90094634	53	0.685	5	1	4	0.771640272528948	ASCNA	0.968475568984655	2.785	0.301	1.29437863720512
13	90094635	91985686	1415	0.856	6	1	5	0.761596719729482	ASCNA	0.968475568984655	2.785	0.301	1.5543192637575
13	91985687	92034330	40	0.696	5	1	4	0.772201216210854	ASCNA	0.968475568984655	2.785	0.301	1.29437863720512
13	92034331	95462990	2633	0.846	6	1	5	0.763080450934981	ASCNA	0.968475568984655	2.785	0.301	1.5543192637575
13	95462991	95464126	4	0.043	3	0	3	0.7622050776392	ALOH	0.968475568984655	2.785	0.301	0.569722239551006
13	95464127	110937810	11667	0.887	6	1	5	0.765405963084398	ASCNA	0.968475568984655	2.785	0.301	1.5543192637575
13	110937811	110938958	2	0.815	6	3	3	0.552251235761874	BCNA	0.968475568984655	2.785	0.301	1.5543192637575
13	110938959	111049405	35	0.889	6	1	5	0.771980988511234	ASCNA	0.968475568984655	2.785	0.301	1.5543192637575
13	111049406	111058422	2	1.004	7	3	4	0.564219905443084	UBCNA	0.968475568984655	2.785	0.301	1.77449777378511
13	111058423	113417502	2037	0.902	6	1	5	0.764688227435408	ASCNA	0.968475568984655	2.785	0.301	1.5543192637575
13	113417503	113418093	2	1.042	6	3	3	0.516557246951879	BCNA	0.968475568984655	2.785	0.301	1.5543192637575
13	113418094	114328229	779	0.908	6	1	5	0.764178119935035	ASCNA	0.968475568984655	2.785	0.301	1.5543192637575
